{"cameraMode":{"drawMode":0,"name":"Shaded","section":"Shading Mode"},"sceneLighting":false,"audioPlay":false,"sceneViewState":{"showFog":false,"showMaterialUpdate":false,"showSkybox":false,"showFlares":false,"showImageEffects":false,"showParticleSystems":false},"in2DMode":false,"pivot":{"x":9.151144027709961,"y":-4.308169841766357,"z":9.590535163879395},"rotation":{"x":0.0018315485212951899,"y":0.9936834573745728,"z":-0.11106550693511963,"w":0.01638360135257244},"size":23.11686134338379,"orthographic":false}